[{"name":"SET_ENTITY_COORDS","args":[{"type":"Entity","translate":true},{"type":"float"},{"type":"float"},{"type":"float"},{"type":"BOOL"},{"type":"BOOL"},{"type":"BOOL"},{"type":"BOOL"}],"ctx":{"idx":0,"type":"Entity"},"getter":{"returnType":"Vector3","name":"GET_ENTITY_COORDS","returnArgStart":1},"type":"ctx","hash":"0x06843DA7060A026B"},{"name":"SET_ENTITY_ROTATION","args":[{"type":"Entity","translate":true},{"type":"float"},{"type":"float"},{"type":"float"},{"type":"int"},{"type":"BOOL"}],"ctx":{"idx":0,"type":"Entity"},"type":"ctx","hash":"0x8524A8B0171D5E07"},{"name":"SET_ENTITY_VELOCITY","args":[{"type":"Entity","translate":true},{"type":"float"},{"type":"float"},{"type":"float"}],"ctx":{"idx":0,"type":"Entity"},"type":"ctx","hash":"0x1C99BB7B6E96D16F"},{"name":"SET_ENTITY_HEADING","args":[{"type":"Entity","translate":true},{"type":"float"}],"ctx":{"idx":0,"type":"Entity"},"type":"ctx","hash":"0x8E2530AA8ADA980E"},{"name":"FREEZE_ENTITY_POSITION","args":[{"type":"Entity","translate":true},{"type":"BOOL"}],"ctx":{"idx":0,"type":"Entity"},"type":"ctx","hash":"0x428CA6DBD1094446"},{"name":"APPLY_FORCE_TO_ENTITY","args":[{"type":"Entity","translate":true},{"type":"int"},{"type":"float"},{"type":"float"},{"type":"float"},{"type":"float"},{"type":"float"},{"type":"float"},{"type":"int"},{"type":"BOOL"},{"type":"BOOL"},{"type":"BOOL"},{"type":"BOOL"},{"type":"BOOL"}],"ctx":{"idx":0,"type":"Entity"},"type":"ctx","hash":"0xC5F68BE9613E2D18"},{"name":"SET_PLAYER_MODEL","args":[{"type":"Player","translate":true},{"type":"Hash"}],"ctx":{"idx":0,"type":"Player"},"type":"ctx","hash":"0x00A1CADD00108836"},{"name":"SET_PLAYER_CONTROL","args":[{"type":"Player","translate":true},{"type":"BOOL"},{"type":"int"}],"ctx":{"idx":0,"type":"Player"},"type":"ctx","hash":"0x8D32347D6D4C40A2"},{"name":"SET_PLAYER_INVINCIBLE","args":[{"type":"Player","translate":true},{"type":"BOOL"}],"ctx":{"idx":0,"type":"Player"},"type":"ctx","hash":"0x239528EACDC3E7DE"},{"name":"SET_PLAYER_WANTED_LEVEL","args":[{"type":"Player","translate":true},{"type":"int"},{"type":"BOOL"}],"ctx":{"idx":0,"type":"Player"},"type":"ctx","hash":"0x39FF19C64EF7DA5B"},{"name":"CLEAR_PLAYER_WANTED_LEVEL","args":[{"type":"Player","translate":true}],"ctx":{"idx":0,"type":"Player"},"type":"ctx","hash":"0xB302540597885499"},{"type":"entity","hash":"0xD49F9B0955C367DE","name":"CREATE_PED","args":[{"type":"int"},{"type":"Hash"},{"type":"float"},{"type":"float"},{"type":"float"},{"type":"float"},{"type":"BOOL"},{"type":"BOOL"}]},{"type":"entity","hash":"0x7DD959874C1FD534","name":"CREATE_PED_INSIDE_VEHICLE","args":[{"type":"Entity","translate":true},{"type":"int"},{"type":"Hash"},{"type":"int"},{"type":"BOOL"},{"type":"BOOL"}]},{"name":"ADD_PED_DECORATION_FROM_HASHES","args":[{"type":"Entity","translate":true},{"type":"Hash"},{"type":"Hash"}],"ctx":{"idx":0,"type":"Entity"},"type":"ctx","hash":"0x5F5D1665E352A839"},{"name":"SET_PED_INTO_VEHICLE","args":[{"type":"Entity","translate":true},{"type":"Entity","translate":true},{"type":"int"}],"ctx":{"idx":0,"type":"Entity"},"type":"ctx","hash":"0xF75B0D629E1C063D"},{"name":"SET_PED_HEAD_BLEND_DATA","args":[{"type":"Entity","translate":true},{"type":"int"},{"type":"int"},{"type":"int"},{"type":"int"},{"type":"int"},{"type":"int"},{"type":"float"},{"type":"float"},{"type":"float"},{"type":"BOOL"}],"ctx":{"idx":0,"type":"Entity"},"type":"ctx","hash":"0x9414E18B9434C2FE"},{"name":"SET_PED_HEAD_OVERLAY","args":[{"type":"Entity","translate":true},{"type":"int"},{"type":"int"},{"type":"float"}],"ctx":{"idx":0,"type":"Entity"},"type":"ctx","hash":"0x48F44967FA05CC1E"},{"name":"_SET_PED_HAIR_COLOR","args":[{"type":"Entity","translate":true},{"type":"int"},{"type":"int"}],"ctx":{"idx":0,"type":"Entity"},"type":"ctx","hash":"0x4CFFC65454C93A49"},{"name":"_SET_PED_HEAD_OVERLAY_COLOR","args":[{"type":"Entity","translate":true},{"type":"int"},{"type":"int"},{"type":"int"},{"type":"int"}],"ctx":{"idx":0,"type":"Entity"},"type":"ctx","hash":"0x497BF74A7B9CB952"},{"name":"_SET_PED_EYE_COLOR","args":[{"type":"Entity","translate":true},{"type":"int"}],"ctx":{"idx":0,"type":"Entity"},"type":"ctx","hash":"0x50B56988B170AFDF"},{"name":"_SET_PED_FACE_FEATURE","args":[{"type":"Entity","translate":true},{"type":"int"},{"type":"float"}],"ctx":{"idx":0,"type":"Entity"},"type":"ctx","hash":"0x71A5C1DBA060049E"},{"name":"SET_PED_DEFAULT_COMPONENT_VARIATION","args":[{"type":"Entity","translate":true}],"ctx":{"idx":0,"type":"Entity"},"type":"ctx","hash":"0x45EEE61580806D63"},{"name":"SET_PED_RANDOM_COMPONENT_VARIATION","args":[{"type":"Entity","translate":true},{"type":"BOOL"}],"ctx":{"idx":0,"type":"Entity"},"type":"ctx","hash":"0xC8A9481A01E63C28"},{"name":"SET_PED_COMPONENT_VARIATION","args":[{"type":"Entity","translate":true},{"type":"int"},{"type":"int"},{"type":"int"},{"type":"int"}],"ctx":{"idx":0,"type":"Entity"},"type":"ctx","hash":"0x262B14F48D29DE80"},{"name":"CLEAR_PED_PROP","args":[{"type":"Entity","translate":true},{"type":"int"}],"ctx":{"idx":0,"type":"Entity"},"type":"ctx","hash":"0x0943E5B8E078E76E"},{"name":"SET_PED_RANDOM_PROPS","args":[{"type":"Entity","translate":true}],"ctx":{"idx":0,"type":"Entity"},"type":"ctx","hash":"0xC44AA05345C992C6"},{"name":"SET_PED_PROP_INDEX","args":[{"type":"Entity","translate":true},{"type":"int"},{"type":"int"},{"type":"int"},{"type":"BOOL"}],"ctx":{"idx":0,"type":"Entity"},"type":"ctx","hash":"0x93376B65A266EB5F"},{"name":"SET_PED_ARMOUR","args":[{"type":"Entity","translate":true},{"type":"int"}],"ctx":{"idx":0,"type":"Entity"},"type":"ctx","hash":"0xCEA04D83135264CC"},{"name":"SET_PED_CAN_RAGDOLL","args":[{"type":"Entity","translate":true},{"type":"BOOL"}],"ctx":{"idx":0,"type":"Entity"},"type":"ctx","hash":"0xB128377056A54E2A"},{"name":"SET_PED_CONFIG_FLAG","args":[{"type":"Entity","translate":true},{"type":"int"},{"type":"BOOL"}],"ctx":{"idx":0,"type":"Entity"},"type":"ctx","hash":"0x1913FE4CBF41C463"},{"name":"SET_PED_RESET_FLAG","args":[{"type":"Entity","translate":true},{"type":"int"},{"type":"BOOL"}],"ctx":{"idx":0,"type":"Entity"},"type":"ctx","hash":"0xC1E8A365BF3B29F2"},{"name":"SET_PED_TO_RAGDOLL","args":[{"type":"Entity","translate":true},{"type":"int"},{"type":"int"},{"type":"int"},{"type":"BOOL"},{"type":"BOOL"},{"type":"BOOL"}],"ctx":{"idx":0,"type":"Entity"},"type":"ctx","hash":"0xAE99FB955581844A"},{"name":"SET_PED_TO_RAGDOLL_WITH_FALL","args":[{"type":"Entity","translate":true},{"type":"int"},{"type":"int"},{"type":"int"},{"type":"float"},{"type":"float"},{"type":"float"},{"type":"float"},{"type":"float"},{"type":"float"},{"type":"float"},{"type":"float"},{"type":"float"},{"type":"float"}],"ctx":{"idx":0,"type":"Entity"},"type":"ctx","hash":"0xD76632D99E4966C8"},{"name":"GIVE_WEAPON_TO_PED","args":[{"type":"Entity","translate":true},{"type":"Hash"},{"type":"int"},{"type":"BOOL"},{"type":"BOOL"}],"ctx":{"idx":0,"type":"Entity"},"type":"ctx","hash":"0xBF0FD6E56C964FCB"},{"name":"GIVE_WEAPON_COMPONENT_TO_PED","args":[{"type":"Entity","translate":true},{"type":"Hash"},{"type":"Hash"}],"ctx":{"idx":0,"type":"Entity"},"type":"ctx","hash":"0xD966D51AA5B28BB9"},{"name":"REMOVE_WEAPON_FROM_PED","args":[{"type":"Entity","translate":true},{"type":"Hash"}],"ctx":{"idx":0,"type":"Entity"},"type":"ctx","hash":"0x4899CB088EDF59B8"},{"name":"REMOVE_ALL_PED_WEAPONS","args":[{"type":"Entity","translate":true},{"type":"BOOL"}],"ctx":{"idx":0,"type":"Entity"},"type":"ctx","hash":"0xF25DF915FA38C5F3"},{"name":"REMOVE_WEAPON_COMPONENT_FROM_PED","args":[{"type":"Entity","translate":true},{"type":"Hash"},{"type":"Hash"}],"ctx":{"idx":0,"type":"Entity"},"type":"ctx","hash":"0x1E8BE90C74FB4C09"},{"name":"SET_CURRENT_PED_WEAPON","args":[{"type":"Entity","translate":true},{"type":"Hash"},{"type":"BOOL"}],"ctx":{"idx":0,"type":"Entity"},"type":"ctx","hash":"0xADF692B254977C0C"},{"name":"SET_PED_AMMO","args":[{"type":"Entity","translate":true},{"type":"Hash"},{"type":"int"}],"ctx":{"idx":0,"type":"Entity"},"type":"ctx","hash":"0x14E56BC5B5DB6A19"},{"name":"TASK_REACT_AND_FLEE_PED","args":[{"type":"Entity","translate":true},{"type":"Entity","translate":true}],"ctx":{"idx":0,"type":"Entity"},"type":"ctx","hash":"0x72C896464915D1B1"},{"name":"TASK_SHOOT_AT_COORD","args":[{"type":"Entity","translate":true},{"type":"float"},{"type":"float"},{"type":"float"},{"type":"int"},{"type":"Hash"}],"ctx":{"idx":0,"type":"Entity"},"type":"ctx","hash":"0x46A6CC01E0826106"},{"name":"TASK_SHOOT_AT_ENTITY","args":[{"type":"Entity","translate":true},{"type":"Entity","translate":true},{"type":"int"},{"type":"Hash"}],"ctx":{"idx":0,"type":"Entity"},"type":"ctx","hash":"0x08DA95E8298AE772"},{"name":"TASK_COMBAT_PED","args":[{"type":"Entity","translate":true},{"type":"Entity","translate":true},{"type":"int"},{"type":"int"}],"ctx":{"idx":0,"type":"Entity"},"type":"ctx","hash":"0xF166E48407BAC484"},{"name":"TASK_DRIVE_BY","args":[{"type":"Entity","translate":true},{"type":"Entity","translate":true},{"type":"Entity","translate":true},{"type":"float"},{"type":"float"},{"type":"float"},{"type":"float"},{"type":"int"},{"type":"BOOL"},{"type":"Hash"}],"ctx":{"idx":0,"type":"Entity"},"type":"ctx","hash":"0x2F8AF0E82773A171"},{"name":"TASK_ENTER_VEHICLE","args":[{"type":"Entity","translate":true},{"type":"Entity","translate":true},{"type":"int"},{"type":"int"},{"type":"float"},{"type":"int"},{"type":"Any"}],"ctx":{"idx":0,"type":"Entity"},"type":"ctx","hash":"0xC20E50AA46D09CA8"},{"name":"TASK_WARP_PED_INTO_VEHICLE","args":[{"type":"Entity","translate":true},{"type":"Entity","translate":true},{"type":"int"}],"ctx":{"idx":0,"type":"Entity"},"type":"ctx","hash":"0x9A7D091411C5F684"},{"name":"TASK_HANDS_UP","args":[{"type":"Entity","translate":true},{"type":"int"},{"type":"Entity","translate":true},{"type":"int"},{"type":"BOOL"}],"ctx":{"idx":0,"type":"Entity"},"type":"ctx","hash":"0xF2EAB31979A7F910"},{"name":"TASK_PLAY_ANIM","args":[{"type":"Entity","translate":true},{"type":"charPtr"},{"type":"charPtr"},{"type":"float"},{"type":"float"},{"type":"int"},{"type":"int"},{"type":"float"},{"type":"BOOL"},{"type":"BOOL"},{"type":"BOOL"}],"ctx":{"idx":0,"type":"Entity"},"type":"ctx","hash":"0xEA47FE3719165B94"},{"name":"TASK_PLAY_ANIM_ADVANCED","args":[{"type":"Entity","translate":true},{"type":"charPtr"},{"type":"charPtr"},{"type":"float"},{"type":"float"},{"type":"float"},{"type":"float"},{"type":"float"},{"type":"float"},{"type":"float"},{"type":"float"},{"type":"int"},{"type":"Any"},{"type":"float"},{"type":"Any"},{"type":"Any"}],"ctx":{"idx":0,"type":"Entity"},"type":"ctx","hash":"0x83CDB10EA29B370B"},{"name":"CLEAR_PED_TASKS","args":[{"type":"Entity","translate":true}],"ctx":{"idx":0,"type":"Entity"},"type":"ctx","hash":"0xE1EF3C1216AFF2CD"},{"name":"CLEAR_PED_TASKS_IMMEDIATELY","args":[{"type":"Entity","translate":true}],"ctx":{"idx":0,"type":"Entity"},"type":"ctx","hash":"0xAAA34F8A7CB32098"},{"name":"CLEAR_PED_SECONDARY_TASK","args":[{"type":"Entity","translate":true}],"ctx":{"idx":0,"type":"Entity"},"type":"ctx","hash":"0x176CECF6F920D707"},{"name":"TASK_EVERYONE_LEAVE_VEHICLE","args":[{"type":"Entity","translate":true}],"ctx":{"idx":0,"type":"Entity"},"type":"ctx","hash":"0x7F93691AB4B92272"},{"name":"TASK_LEAVE_ANY_VEHICLE","args":[{"type":"Entity","translate":true},{"type":"int"},{"type":"int"}],"ctx":{"idx":0,"type":"Entity"},"type":"ctx","hash":"0x504D54DF3F6F2247"},{"name":"TASK_LEAVE_VEHICLE","args":[{"type":"Entity","translate":true},{"type":"Entity","translate":true},{"type":"int"}],"ctx":{"idx":0,"type":"Entity"},"type":"ctx","hash":"0xD3DBCE61A490BE02"},{"name":"TASK_GO_STRAIGHT_TO_COORD","args":[{"type":"Entity","translate":true},{"type":"float"},{"type":"float"},{"type":"float"},{"type":"float"},{"type":"int"},{"type":"float"},{"type":"float"}],"ctx":{"idx":0,"type":"Entity"},"type":"ctx","hash":"0xD76B57B44F1E6F8B"},{"name":"TASK_GO_TO_COORD_ANY_MEANS","args":[{"type":"Entity","translate":true},{"type":"float"},{"type":"float"},{"type":"float"},{"type":"float"},{"type":"Any"},{"type":"BOOL"},{"type":"int"},{"type":"float"}],"ctx":{"idx":0,"type":"Entity"},"type":"ctx","hash":"0x5BC448CB78FA3E88"},{"name":"TASK_GO_TO_ENTITY","args":[{"type":"Entity","translate":true},{"type":"Entity","translate":true},{"type":"int"},{"type":"float"},{"type":"float"},{"type":"float"},{"type":"int"}],"ctx":{"idx":0,"type":"Entity"},"type":"ctx","hash":"0x6A071245EB0D1882"},{"type":"entity","hash":"0xAF35D0D2583051B0","name":"CREATE_VEHICLE","args":[{"type":"Hash"},{"type":"float"},{"type":"float"},{"type":"float"},{"type":"float"},{"type":"BOOL"},{"type":"BOOL"}]},{"name":"SET_VEHICLE_ALARM","args":[{"type":"Entity","translate":true},{"type":"BOOL"}],"ctx":{"idx":0,"type":"Entity"},"type":"ctx","hash":"0xCDE5E70C1DDB954C"},{"name":"SET_VEHICLE_BODY_HEALTH","args":[{"type":"Entity","translate":true},{"type":"float"}],"ctx":{"idx":0,"type":"Entity"},"type":"ctx","hash":"0xB77D05AC8C78AADB"},{"name":"SET_VEHICLE_COLOURS","args":[{"type":"Entity","translate":true},{"type":"int"},{"type":"int"}],"ctx":{"idx":0,"type":"Entity"},"type":"ctx","hash":"0x4F1D4BE3A7F24601"},{"name":"SET_VEHICLE_COLOUR_COMBINATION","args":[{"type":"Entity","translate":true},{"type":"int"}],"ctx":{"idx":0,"type":"Entity"},"type":"ctx","hash":"0x33E8CD3322E2FE31"},{"name":"SET_VEHICLE_CUSTOM_PRIMARY_COLOUR","args":[{"type":"Entity","translate":true},{"type":"int"},{"type":"int"},{"type":"int"}],"ctx":{"idx":0,"type":"Entity"},"type":"ctx","hash":"0x7141766F91D15BEA"},{"name":"SET_VEHICLE_CUSTOM_SECONDARY_COLOUR","args":[{"type":"Entity","translate":true},{"type":"int"},{"type":"int"},{"type":"int"}],"ctx":{"idx":0,"type":"Entity"},"type":"ctx","hash":"0x36CED73BFED89754"},{"name":"SET_VEHICLE_DIRT_LEVEL","args":[{"type":"Entity","translate":true},{"type":"float"}],"ctx":{"idx":0,"type":"Entity"},"type":"ctx","hash":"0x79D3B596FE44EE8B"},{"name":"SET_VEHICLE_DOOR_BROKEN","args":[{"type":"Entity","translate":true},{"type":"int"},{"type":"BOOL"}],"ctx":{"idx":0,"type":"Entity"},"type":"ctx","hash":"0xD4D4F6A4AB575A33"},{"name":"SET_VEHICLE_NUMBER_PLATE_TEXT","args":[{"type":"Entity","translate":true},{"type":"charPtr"}],"ctx":{"idx":0,"type":"Entity"},"type":"ctx","hash":"0x95A88F0B409CDA47"},{"name":"SET_VEHICLE_DOORS_LOCKED","args":[{"type":"Entity","translate":true},{"type":"int"}],"ctx":{"idx":0,"type":"Entity"},"type":"ctx","hash":"0xB664292EAECF7FA6"},{"type":"entity","hash":"0x509D5878EB39E842","name":"CREATE_OBJECT","args":[{"type":"Entity","translate":true},{"type":"float"},{"type":"float"},{"type":"float"},{"type":"BOOL"},{"type":"BOOL"},{"type":"BOOL"}]},{"type":"entity","hash":"0x9A294B2138ABB884","name":"CREATE_OBJECT_NO_OFFSET","args":[{"type":"Hash"},{"type":"float"},{"type":"float"},{"type":"float"},{"type":"BOOL"},{"type":"BOOL"},{"type":"BOOL"}]},{"type":"object","hash":"0xCE5D0E5E315DB238","name":"_ADD_BLIP_FOR_AREA","args":[{"type":"float"},{"type":"float"},{"type":"float"},{"type":"float"},{"type":"float"}]},{"type":"object","hash":"0x5A039BB0BCA604B6","name":"ADD_BLIP_FOR_COORD","args":[{"type":"float"},{"type":"float"},{"type":"float"}]},{"type":"object","hash":"0x46818D79B1F7499A","name":"ADD_BLIP_FOR_RADIUS","args":[{"type":"float"},{"type":"float"},{"type":"float"},{"type":"float"}]},{"type":"object","hash":"0x5CDE92C702A8FCE7","name":"ADD_BLIP_FOR_ENTITY","args":[{"type":"Entity","translate":true}]},{"name":"SET_BLIP_SPRITE","args":[{"type":"ObjRef","translate":true},{"type":"int"}],"ctx":{"idx":0,"type":"ObjRef"},"getter":{"returnType":"int","name":"GET_BLIP_SPRITE","returnArgStart":1},"type":"ctx","hash":"0xDF735600A4696DAF"},{"name":"REMOVE_BLIP","args":[{"type":"ObjDel","translate":true}],"ctx":{"idx":0,"type":"ObjDel"},"type":"ctx","hash":"0x86A652570E5F25DD"}]
